"CENTER_ID","PUBLIC_NAME","FORM_ID"
"1021","Make-A-Wish Alabama","1540"
"1044","Make-A-Wish Alaska and Washington","1541"
"1001","Make-A-Wish America","1542"
"1001","Make-A-Wish America","1440"
"1022","Make-A-Wish Arizona","1543"
"1066","Make-A-Wish Central California","1547"
"1061","Make-A-Wish Central New York","1548"
"1081","Make-A-Wish Central and Northern Florida","1544"
"1060","Make-A-Wish Central and South Texas","1545"
"1067","Make-A-Wish Central and Western North Carolina","1546"
"1050","Make-A-Wish Colorado","1549"
"1069","Make-A-Wish Connecticut","1550"
"1023","Make-A-Wish East Tennessee","1551"
"1024","Make-A-Wish Eastern North Carolina","1552"
"1025","Make-A-Wish Georgia","1553"
"1055","Make-A-Wish Greater Bay Area","1554"
"1026","Make-A-Wish Greater Los Angeles","1555"
"1049","Make-A-Wish Greater Pennsylvania and Southern West Virginia","1556"
"1075","Make-A-Wish Greater Virginia","1557"
"1079","Make-A-Wish Guam","1558"
"1052","Make-A-Wish Hawaii","1559"
"1068","Make-A-Wish Hudson Valley","1560"
"1070","Make-A-Wish Idaho","1561"
"1027","Make-A-Wish Illinois","1562"
"1101","Make-A-Wish International","1563"
"1073","Make-A-Wish Iowa","1564"
"1057","Make-A-Wish Kansas","1565"
"1080","Make-A-Wish Maine","1566"
"1074","Make-A-Wish Massachusetts and Rhode Island","1567"
"1051","Make-A-Wish Metro New York and Western New York","1568"
"1045","Make-A-Wish Michigan","1569"
"1028","Make-A-Wish Mid-Atlantic","1570"
"1029","Make-A-Wish Mid-South","1571"
"1083","Make-A-Wish Middle Tennessee","1572"
"1059","Make-A-Wish Minnesota","1573"
"1063","Make-A-Wish Mississippi","1574"
"1030","Make-A-Wish Missouri","1575"
"1064","Make-A-Wish Montana","1576"
"1053","Make-A-Wish Nebraska","1577"
"1032","Make-A-Wish New Hampshire","1578"
"1046","Make-A-Wish New Jersey","1579"
"1071","Make-A-Wish New Mexico","1580"
"1033","Make-A-Wish North Dakota","1581"
"1034","Make-A-Wish North Texas","1582"
"1072","Make-A-Wish Northeast New York","1583"
"1031","Make-A-Wish Northeastern California and Northern Nevada","1584"
"1077","Make-A-Wish Northern West Virginia","1585"
"1035","Make-A-Wish Ohio, Kentucky and Indiana","1586"
"1036","Make-A-Wish Oklahoma","1587"
"1048","Make-A-Wish Orange County and the Inland Empire","1588"
"1047","Make-A-Wish Oregon","1589"
"1037","Make-A-Wish Philadelphia and Susquehanna Valley","1590"
"1078","Make-A-Wish Puerto Rico","1591"
"1082","Make-A-Wish Rio Grande Valley","1592"
"1054","Make-A-Wish San Diego","1593"
"1038","Make-A-Wish South Carolina","1594"
"1056","Make-A-Wish South Dakota","1595"
"1039","Make-A-Wish Southern Florida","1596"
"1040","Make-A-Wish Southern Nevada","1597"
"1041","Make-A-Wish Suffolk County","1598"
"1062","Make-A-Wish Texas Gulf Coast and Louisiana","1599"
"1042","Make-A-Wish Tri-Counties","1600"
"1043","Make-A-Wish Utah","1601"
"1076","Make-A-Wish Vermont","1602"
"1058","Make-A-Wish Wisconsin","1603"
"1065","Make-A-Wish Wyoming","1604"
